{
  "TST": {
    "file": "bgm_GAME.wav",
    "loop": false,
    "maxPlay": 1,
    "attribute": 0
  },
  "SE_SELECT": {
    "file": "se_select.wav",
    "loop": false,
    "maxPlay": 30,
    "attribute": 1
  },
  "SE_DECIDE": {
    "file": "se_DECISION.wav",
    "loop": false,
    "maxPlay": 1,
    "attribute": 1
  },
  "SE_CANCEL": {
    "file": "se_CANCEL.wav",
    "loop": false,
    "maxPlay": 1,
    "attribute": 1
  },
  "SE_THROW": {
    "file": "se_THROW2.wav",
    "loop": false,
    "maxPlay": 3,
    "attribute": 1
  },
  "SE_HIT": {
    "file": "se_HIT.wav",
    "loop": false,
    "maxPlay": 3,
    "attribute": 1
  },
  "SE_DAMAGED": {
    "file": "se_DAMAGED.wav",
    "loop": false,
    "maxPlay": 3,
    "attribute": 1
  },
  "SE_HEAL": {
    "file": "se_HEAL.wav",
    "loop": false,
    "maxPlay": 3,
    "attribute": 1
  },
  "SE_CLEAR": {
    "file": "se_CLEAR.wav",
    "loop": false,
    "maxPlay": 1,
    "attribute": 1
  },
  "BGM_LOBBY": {
    "file": "n08_re.wav",
    "loop": true,
    "maxPlay": 1,
    "attribute": 0
  },
  "BGM_PLAY_0": {
    "file": "Comet.wav",
    "loop": true,
    "maxPlay": 1,
    "attribute": 0
  }
}