{
  "Source": {
    "DEFAULT": "Cube.fbx",
    "Cube": "Cube.fbx",
    "Cylinder": "Cylinder.fbx",
    "Hanger": "Hanger.fbx",
    "Player": {
      "file": "Player.fbx",
      "anim": [
        {
          "name": "jump",
          "start": 1,
          "end": 114
        },
        {
          "name": "run",
          "start": 115,
          "end": 158
        },
        {
          "name": "down",
          "start": 159,
          "end": 434
        },
        {
          "name": "throw",
          "start": 435,
          "end": 633
        },
        {
          "name": "damaged",
          "start": 634,
          "end": 713
        },
        {
          "name": "idle",
          "start": 714,
          "end": 1309
        }
      ]
    }
  }
}